,index,latitude,longitude,cityname,searchcity,temp,humidity,cloudiness,windspeed
0,0,-21.2,-175.2,Vaini,vaini,82.4,78,90,1.5
1,1,-23.12,-134.97,Rikitea,rikitea,77.99,100,56,7.93
2,2,-53.15,-70.92,Punta Arenas,punta arenas,46.4,61,90,7.2
3,3,-54.8,-68.3,Ushuaia,ushuaia,42.8,75,75,11.8
4,4,-34.42,19.23,Hermanus,hermanus,61.52,79,0,2.18
5,5,-34.53,20.04,Bredasdorp,bredasdorp,66.2,82,0,8.7
6,6,-34.0,24.73,Kruisfontein,kruisfontein,65.53,81,0,7.28
7,7,-33.92,25.57,Port Elizabeth,port elizabeth,64.4,88,75,10.8
8,8,-33.59,26.89,Port Alfred,port alfred,67.51,86,12,9.08
9,9,-33.02,27.91,East London,east london,68.9,100,88,10.68
10,10,-33.65,115.33,Busselton,busselton,60.89,100,0,6.58
11,11,-35.02,117.89,Albany,albany,60.8,70,12,2.03
12,12,-42.78,147.06,New Norfolk,new norfolk,64.4,45,75,5.7
13,13,-42.88,147.33,Hobart,hobart,64.4,45,75,5.7
14,14,-46.6,168.33,Bluff,bluff,63.77,94,0,2.48
15,15,-33.93,18.42,Cape Town,cape town,66.2,72,0,3.1
16,16,-21.35,55.77,Saint-Philippe,saint-philippe,75.2,57,0,3.6
17,17,-21.21,-159.78,Avarua,avarua,78.8,83,75,4.6
18,18,-38.0,-57.56,Mar del Plata,mar del plata,64.4,93,90,3.6
19,19,-33.7,-53.46,Chuy,chuy,67.55,94,24,2.83
20,20,-30.18,-50.21,Cidreira,cidreira,72.77,84,32,7.03
21,21,-45.87,170.5,Dunedin,dunedin,76.01,67,0,2.13
22,22,-42.47,-73.77,Castro,castro,57.29,70,20,2.13
23,23,-34.48,-54.33,Rocha,rocha,68.41,73,20,3.13
24,24,-22.97,-42.03,Arraial do Cabo,arraial do cabo,74.08,89,92,6.18
25,25,-20.52,57.52,Souillac,souillac,75.2,88,40,1.5
26,26,-20.41,57.7,Mahebourg,mahebourg,75.2,88,40,1.5
27,27,-37.83,140.77,Mount Gambier,mount gambier,63.86,71,64,2.13
28,28,-46.13,167.68,Tuatapere,tuatapere,67.33,78,8,2.33
29,29,-45.58,-72.07,Coihaique,coihaique,60.8,44,0,2.6
30,30,-51.62,-69.22,Rio Gallegos,rio gallegos,53.6,25,75,7.2
31,31,-43.3,-65.1,Rawson,rawson,54.28,91,0,6.03
32,32,-38.55,-58.74,Necochea,necochea,69.26,76,32,4.38
33,33,-15.94,-5.72,Jamestown,jamestown,67.64,100,88,5.08
34,34,-33.87,121.9,Esperance,esperance,61.97,73,0,2.53
35,35,-38.33,141.6,Portland,portland,61.3,100,64,5.18
36,36,-41.41,175.52,Waipawa,waipawa,69.8,64,0,4.1
37,37,-40.81,-63.0,Viedma,viedma,58.51,57,0,6.88
38,38,-28.48,-48.78,Laguna,laguna,72.01,95,44,8.98
39,39,-33.01,17.94,Saldanha,saldanha,77.0,44,0,2.6
40,40,-34.73,135.87,Port Lincoln,port lincoln,57.65,100,76,9.43
41,41,-45.42,167.72,Te Anau,te anau,75.7,51,0,2.13
42,42,-45.13,170.1,Ranfurly,ranfurly,76.73,41,0,2.13
43,43,-43.53,172.63,Christchurch,christchurch,68.0,68,8,11.3
44,44,-41.87,-73.82,Ancud,ancud,60.26,71,88,1.03
45,45,-39.81,-73.25,Valdivia,valdivia,66.2,68,0,2.6
46,46,-41.15,-71.3,San Carlos de Bariloche,san carlos de bariloche,62.6,42,20,9.3
47,47,-38.37,-60.28,Tres Arroyos,tres arroyos,65.53,88,32,3.23
48,48,-30.86,30.37,Margate,margate,65.21,97,88,3.93
49,49,-41.07,145.92,Burnie,burnie,60.44,100,0,6.93
50,50,-37.88,147.98,Lakes Entrance,lakes entrance,65.57,84,0,2.73
51,51,-35.72,150.18,Batemans Bay,batemans bay,72.91,65,0,0.78
52,52,-41.75,171.6,Westport,westport,76.15,55,0,1.18
53,53,-39.93,175.05,Wanganui,wanganui,74.08,74,0,2.53
54,54,-38.37,178.3,Tolaga Bay,tolaga bay,67.82,72,8,2.93
55,55,-37.62,-73.65,Lebu,lebu,55.17,97,0,9.13
56,56,-36.72,-73.12,Talcahuano,talcahuano,57.2,87,0,3.1
57,57,-34.42,-70.87,Rengo,rengo,73.4,53,0,3.6
58,58,-34.65,-59.43,Mercedes,mercedes,79.88,48,56,1.73
59,59,-34.9,-60.02,Chivilcoy,chivilcoy,72.55,82,48,2.43
60,60,-34.9,-54.95,Maldonado,maldonado,69.8,88,20,3.1
61,61,-32.03,-52.1,Rio Grande,rio grande,73.9,81,0,6.03
62,62,-26.65,15.16,Luderitz,luderitz,60.8,100,24,1.5
63,63,-28.78,32.04,Richards Bay,richards bay,63.55,100,68,0.93
64,64,-20.34,57.76,Bambous Virieux,bambous virieux,75.2,88,40,1.5
65,65,-28.77,114.6,Geraldton,geraldton,82.4,28,0,11.3
66,66,-38.47,145.02,Flinders,flinders,71.6,46,75,3.6
67,67,-35.12,139.27,Murray Bridge,murray bridge,62.56,87,92,3.48
68,68,-35.53,144.97,Deniliquin,deniliquin,75.16,50,0,4.93
69,69,-34.75,149.72,Goulburn,goulburn,69.35,69,0,4.08
70,70,-32.72,152.15,Nelson Bay,nelson bay,87.8,22,0,7.2
71,71,-31.43,152.92,Port Macquarie,port macquarie,86.0,27,40,2.6
72,72,-35.17,173.17,Ahipara,ahipara,74.84,64,0,4.03
73,73,-35.62,174.5,Ngunguru,ngunguru,66.65,95,80,6.18
74,74,-29.95,-71.34,Coquimbo,coquimbo,59.0,82,20,2.6
75,75,-30.03,-70.71,Vicuna,vicuna,59.0,82,20,2.6
76,76,-31.42,-64.5,Villa Carlos Paz,villa carlos paz,73.4,73,40,2.6
77,77,-29.15,-59.65,Reconquista,reconquista,79.16,60,24,2.08
78,78,-29.88,-54.83,Cacequi,cacequi,78.31,74,24,1.23
79,79,-29.98,-50.13,Tramandai,tramandai,72.77,84,32,7.03
80,80,-28.24,-48.67,Imbituba,imbituba,73.4,83,75,3.6
81,81,-21.64,-41.05,Sao Joao da Barra,sao joao da barra,75.02,100,92,5.38
82,82,-20.33,-40.29,Vila Velha,vila velha,73.4,83,75,2.6
83,83,-28.55,16.43,Oranjemund,oranjemund,62.69,94,92,1.88
84,84,-31.47,19.78,Calvinia,calvinia,63.46,61,8,1.53
85,85,-30.72,25.1,Colesberg,colesberg,55.04,90,32,1.53
86,86,-29.87,30.27,Richmond,richmond,54.77,100,88,1.03
87,87,-25.17,45.05,Beloha,beloha,73.36,95,92,4.03
88,88,-21.37,55.62,Saint-Joseph,saint-joseph,75.2,57,0,3.6
89,89,-24.87,113.63,Carnarvon,carnarvon,77.9,77,0,7.38
90,90,-31.67,116.67,Northam,northam,69.8,46,0,5.1
91,91,-25.24,130.99,Yulara,yulara,84.2,37,24,6.7
92,92,-31.95,141.43,Broken Hill,broken hill,78.4,45,0,2.98
93,93,-30.32,149.78,Narrabri,narrabri,81.1,38,0,2.88
94,94,-28.87,153.57,Ballina,ballina,79.88,77,0,1.63
95,95,-28.65,153.62,Byron Bay,byron bay,86.0,33,0,4.1
96,96,-22.67,167.48,Vao,vao,73.36,100,100,6.73
97,97,-35.1,173.78,Kaeo,kaeo,72.59,62,8,5.58
98,98,-19.06,-169.92,Alofi,alofi,80.2,100,44,2.73
99,99,-0.74,-90.35,Puerto Ayora,puerto ayora,77.0,65,0,4.6
100,100,-13.7,-76.22,Pisco,pisco,66.2,82,0,8.2
101,101,-25.4,-70.48,Taltal,taltal,62.15,64,8,1.18
102,102,-24.79,-65.41,Salta,salta,75.2,73,20,1.5
103,103,-26.79,-60.44,Presidencia Roque Saenz Pena,presidencia roque saenz pena,83.71,46,48,2.88
104,104,-24.97,-54.9,San Alberto,san alberto,75.2,94,75,4.1
105,105,-24.92,-50.1,Carambei,carambei,69.08,84,64,1.33
106,106,-23.78,-45.36,Ilhabela,ilhabela,71.78,94,92,8.43
107,107,-22.96,14.51,Walvis Bay,walvis bay,57.2,87,44,2.1
108,108,-24.13,19.12,Aranos,aranos,67.33,69,20,4.23
109,109,-24.97,25.33,Kanye,kanye,59.63,96,32,6.28
110,110,-25.1,30.46,Lydenburg,lydenburg,51.53,98,88,1.28
111,111,-24.71,33.88,Manjacaze,manjacaze,72.68,78,92,7.38
112,112,-23.35,47.6,Vangaindrano,vangaindrano,70.07,100,92,1.53
113,113,-0.6,73.08,Hithadhoo,hithadhoo,82.0,100,0,5.63
114,114,-20.32,118.57,Port Hedland,port hedland,89.6,62,44,4.6
115,115,-23.7,133.88,Alice Springs,alice springs,87.8,19,0,4.6
116,116,-20.73,139.5,Mount Isa,mount isa,96.8,7,24,3.6
117,117,-37.93,145.43,Emerald,emerald,69.8,49,75,2.6
118,118,-24.42,150.5,Biloela,biloela,83.97,47,0,1.93
119,119,-20.56,164.27,Koumac,koumac,81.23,89,56,1.88
120,120,-22.28,166.46,Noumea,noumea,89.6,52,40,7.2
121,121,-19.8,-174.35,Pangai,pangai,78.8,88,75,2.6
122,122,-17.83,-149.27,Teahupoo,teahupoo,86.0,62,75,4.6
123,123,-17.73,-149.15,Tautira,tautira,86.0,62,75,4.6
124,124,-11.1,-77.61,Hualmay,hualmay,66.56,80,36,2.58
125,125,-16.62,-72.71,Camana,camana,63.41,100,0,3.58
126,126,-20.22,-70.14,Iquique,iquique,66.2,68,75,7.2
127,127,-19.55,-65.45,Betanzos,betanzos,49.78,82,88,1.23
128,128,-20.44,-54.86,Terenos,terenos,75.29,90,64,0.43
129,129,-20.08,-49.91,Cardoso,cardoso,75.61,96,80,1.98
130,130,-19.88,-44.98,Nova Serrana,nova serrana,69.35,93,100,1.78
131,131,-20.13,-40.31,Serra,serra,73.4,83,75,2.6
132,132,-17.71,-39.25,Caravelas,caravelas,77.27,100,92,7.53
133,133,-7.93,-14.42,Georgetown,georgetown,75.88,100,92,6.58
134,134,-15.2,12.15,Namibe,namibe,70.03,100,24,2.03
135,135,-18.06,13.84,Opuwo,opuwo,64.31,87,36,1.03
136,136,-20.37,14.97,Khorixas,khorixas,65.8,78,44,3.68
137,137,-19.57,18.12,Grootfontein,grootfontein,62.87,93,64,2.38
138,138,-20.18,25.23,Gweta,gweta,81.68,39,88,7.98
139,139,-19.67,30.01,Shurugwi,shurugwi,64.49,91,56,4.58
140,140,-19.84,34.84,Beira,beira,77.0,78,40,5.7
141,141,-19.52,45.47,Miandrivazo,miandrivazo,70.79,90,12,0.73
142,142,-19.9,48.8,Mahanoro,mahanoro,69.62,99,12,1.83
143,143,-20.94,55.29,Le Port,le port,75.2,69,56,3.6
144,144,-3.8,102.27,Bengkulu,bengkulu,80.65,100,32,1.88
145,145,-20.74,116.85,Karratha,karratha,85.06,63,0,2.18
146,146,-17.97,122.23,Broome,broome,80.6,94,75,7.7
147,147,-15.77,128.73,Kununurra,kununurra,93.2,52,8,4.6
148,148,-20.1,146.27,Charters Towers,charters towers,84.47,69,0,4.58
149,149,-21.15,149.2,Mackay,mackay,86.0,58,0,5.7
150,150,-23.13,150.73,Yeppoon,yeppoon,87.8,52,20,3.1
151,151,-20.23,164.02,Poum,poum,79.3,100,0,4.68
152,152,-20.4,164.57,Pouebo,pouebo,81.23,89,56,1.88
153,153,-19.55,169.27,Isangel,isangel,73.9,100,92,1.83
154,154,-16.48,-151.75,Faanui,faanui,81.46,100,64,5.83
155,155,-16.7,-151.02,Fare,fare,82.31,96,64,5.78
156,156,-9.8,-139.03,Atuona,atuona,80.78,100,64,7.78
157,157,-10.07,-78.15,Huarmey,huarmey,68.95,64,8,1.63
158,158,-14.83,-74.95,Nazca,nazca,68.0,61,44,1.13
159,159,-14.92,-70.22,Azangaro,azangaro,55.4,37,75,2.1
160,160,-15.23,-59.34,Pontes e Lacerda,pontes e lacerda,78.35,91,8,0.53
161,161,-15.46,-55.75,Chapada dos Guimaraes,chapada dos guimaraes,79.93,82,36,1.53
162,162,-15.16,-49.8,Rubiataba,rubiataba,69.71,96,76,1.73
163,163,-15.48,-44.37,Januaria,januaria,70.97,93,56,1.68
164,164,-14.84,-39.99,Ibicui,ibicui,70.97,100,92,1.38
165,165,-15.86,-38.88,Belmonte,belmonte,75.2,94,75,2.1
166,166,-9.67,-35.74,Maceio,maceio,75.2,88,0,3.1
167,167,-9.01,-35.22,Maragogi,maragogi,75.65,94,8,3.88
168,168,-13.78,14.68,Caluquembe,caluquembe,63.05,97,92,1.18
169,169,-14.66,17.69,Menongue,menongue,63.68,97,64,1.08
170,170,-14.78,24.8,Kaoma,kaoma,69.31,89,76,1.78
171,171,-15.62,30.42,Luangwa,luangwa,78.12,73,12,5.18
172,172,-14.98,34.96,Balaka,balaka,66.7,98,80,1.18
173,173,-15.72,46.32,Mahajanga,mahajanga,78.8,88,20,1
174,174,-14.9,50.28,Antalaha,antalaha,75.88,97,76,2.28
175,175,-19.98,57.61,Cap Malheureux,cap malheureux,75.2,88,40,1.5
176,176,-20.01,57.66,Grand Gaube,grand gaube,75.2,88,40,1.5
177,177,-20.21,57.76,Quatre Cocos,quatre cocos,75.2,88,40,1.5
178,178,-7.95,110.28,Bambanglipuro,bambanglipuro,76.55,90,12,1.93
179,179,-14.25,129.55,Port Keats,port keats,89.56,84,0,1.53
180,180,-13.85,136.42,Alyangula,alyangula,88.47,85,0,5.48
181,181,-17.0,145.43,Mareeba,mareeba,87.8,62,20,3.6
182,182,-10.62,150.67,Samarai,samarai,83.48,100,20,1.78
183,183,-10.45,161.92,Kirakira,kirakira,80.83,100,92,3.48
184,184,-15.53,167.17,Luganville,luganville,82.22,99,68,4.58
185,185,-13.88,167.55,Sola,sola,83.93,91,68,3.23
186,186,-0.9,-89.62,San Cristobal,san cristobal,71.6,83,75,7.7
187,187,-6.84,-79.93,Pimentel,pimentel,68.0,82,75,9.3
188,188,-9.09,-78.58,Chimbote,chimbote,66.47,83,32,3.48
189,189,-10.58,-75.4,Oxapampa,oxapampa,53.65,100,88,0.53
190,190,-8.84,-69.26,Manoel Urbano,manoel urbano,78.12,86,76,0.98
191,191,-9.17,-60.63,Aripuana,aripuana,75.11,96,20,0.73
192,192,-9.88,-56.09,Alta Floresta,alta floresta,78.44,89,20,0.83
193,193,-9.83,-45.34,Gilbues,gilbues,84.83,53,68,1.88
194,194,-10.26,-40.2,Jaguarari,jaguarari,82.9,34,0,3.58
195,195,-8.01,-34.86,Olinda,olinda,80.6,74,40,3.1
196,196,-8.84,13.23,Luanda,luanda,77.0,83,75,2.6
197,197,-9.66,20.39,Saurimo,saurimo,65.26,100,88,1.38
198,198,-9.2,25.85,Bukama,bukama,71.78,89,80,0.43
199,199,-10.26,29.93,Luwingu,luwingu,62.11,93,76,1.33
200,200,-9.93,35.33,Mahanje,mahanje,64.31,98,44,1.08
201,201,-10.0,39.72,Lindi,lindi,72.05,93,64,1.08
202,202,-11.38,43.28,Mitsamiouli,mitsamiouli,81.41,100,8,2.88
203,203,-13.2,49.05,Ambilobe,ambilobe,70.97,86,44,2.78
204,204,-4.62,55.45,Victoria,victoria,78.8,83,75,1.5
205,205,-8.65,115.22,Denpasar,denpasar,84.2,74,20,2.6
206,206,-9.66,120.26,Waingapu,waingapu,77.5,100,88,1.78
207,207,-9.86,124.28,Soe,soe,76.91,89,24,0.88
208,208,-8.47,140.33,Merauke,merauke,86.63,81,44,2.33
209,209,-9.08,143.21,Daru,daru,80.51,100,80,2.78
210,210,-8.1,156.84,Gizo,gizo,85.33,100,64,1.23
211,211,-9.43,159.95,Honiara,honiara,87.8,66,75,3.1
212,212,-4.58,-81.27,Talara,talara,75.47,64,0,3.93
213,213,-5.18,-79.97,Morropon,morropon,72.59,68,80,0.73
214,214,-5.23,-75.68,Lagunas,lagunas,80.83,83,24,0.48
215,215,-4.38,-70.03,Benjamin Constant,benjamin constant,78.8,94,75,3.1
216,216,-3.35,-64.71,Tefe,tefe,76.51,95,76,0.28
217,217,-5.12,-60.38,Novo Aripuana,novo aripuana,80.6,90,20,1.03
218,218,-4.28,-55.98,Itaituba,itaituba,80.96,80,20,1.08
219,219,-5.13,-49.33,Itupiranga,itupiranga,80.6,88,0,1
220,220,-4.87,-44.71,Esperantinopolis,esperantinopolis,86.81,58,32,1.33
221,221,-5.13,-39.73,Boa Viagem,boa viagem,80.2,46,20,4.23
222,222,-5.2,-35.46,Touros,touros,78.08,88,36,4.68
223,223,-6.98,-34.83,Cabedelo,cabedelo,73.4,94,20,2.6
224,224,4.42,-7.35,Tabou,tabou,79.34,100,80,2.78
225,225,-0.72,8.78,Port-Gentil,port-gentil,79.03,100,92,2.33
226,226,-1.57,9.26,Omboue,omboue,79.7,100,92,1.98
227,227,-3.43,10.66,Mayumba,mayumba,77.18,100,92,1.03
228,228,-5.25,14.87,Mbanza-Ngungu,mbanza-ngungu,70.7,94,80,1.13
229,229,-4.32,20.58,Ilebo,ilebo,73.58,95,64,1.03
230,230,-5.37,25.75,Lubao,lubao,70.43,99,92,1.53
231,231,-4.83,29.66,Mwandiga,mwandiga,72.05,100,24,0.73
232,232,-4.97,34.88,Mungaa,mungaa,66.47,73,80,2.88
233,233,-4.97,39.83,Micheweni,micheweni,81.46,100,56,2.43
234,234,-2.27,40.9,Lamu,lamu,80.51,90,44,4.78
235,235,6.12,81.12,Hambantota,hambantota,76.19,100,48,1.83
236,236,4.14,96.13,Meulaboh,meulaboh,76.96,100,76,2.03
237,237,-0.95,100.35,Padang,padang,82.18,100,44,4.48
238,238,-5.11,105.31,Metro,metro,79.97,93,32,2.58
239,239,-6.53,110.7,Mlonggo,mlonggo,80.24,98,12,1.98
240,240,-3.42,114.85,Martapura,martapura,75.2,100,40,3.1
241,241,-5.12,120.25,Sinjai,sinjai,78.89,96,20,1.38
242,242,-3.33,128.92,Amahai,amahai,84.29,100,12,2.53
243,243,-3.37,135.48,Nabire,nabire,79.03,81,8,0.78
244,244,-6.12,141.29,Kiunga,kiunga,77.9,97,100,0.98
245,245,-5.22,145.8,Madang,madang,80.6,98,36,0.53
246,246,-5.55,150.14,Kimbe,kimbe,84.38,100,0,0.28
247,247,-6.21,155.54,Arawa,arawa,81.5,100,36,1.63
248,248,-8.14,159.59,Buala,buala,85.46,86,88,1.88
249,249,-8.77,160.7,Auki,auki,80.87,100,68,1.43
250,250,19.22,-104.7,San Patricio,san patricio,82.4,69,20,1.43
251,251,16.8,-92.92,Ixtapa,ixtapa,77.0,69,40,4.6
252,252,-0.95,-80.73,Manta,manta,77.0,78,20,5.1
253,253,0.08,-80.05,Pedernales,pedernales,75.65,85,44,3.88
254,254,-0.19,-74.78,Puerto Leguizamo,puerto leguizamo,79.43,84,0,1.08
255,255,1.2,-70.17,Mitu,mitu,74.26,96,100,1.23
256,256,-0.41,-65.02,Santa Isabel do Rio Negro,santa isabel do rio negro,78.12,92,44,1.38
257,257,-7.68,-48.27,Boa Vista,boa vista,76.55,95,56,1.33
258,258,-1.94,-54.74,Alenquer,alenquer,84.2,74,20,2.1
259,259,-0.18,-50.05,Tucuma,tucuma,81.95,88,0,4.63
260,260,-1.2,-46.02,Carutapera,carutapera,81.59,79,48,4.13
261,261,-2.89,-40.12,Acarau,acarau,79.25,79,0,5.83
262,262,-3.9,-38.39,Aquiraz,aquiraz,80.6,78,20,5.1
263,263,6.3,-10.8,Monrovia,monrovia,77.0,94,75,3.73
264,264,4.38,-7.72,Harper,harper,79.52,100,20,2.13
265,265,4.88,-1.76,Takoradi,takoradi,81.01,100,0,2.98
266,266,-0.87,14.82,Ewo,ewo,70.7,91,12,1.68
267,267,-0.22,20.87,Boende,boende,70.3,100,32,0.78
268,268,0.52,25.2,Kisangani,kisangani,71.24,100,88,1.08
269,269,0.2,30.0,Kilembe,kilembe,63.73,100,88,1.23
270,270,-0.17,34.92,Ahero,ahero,62.56,96,92,1.43
271,271,-0.45,39.64,Garissa,garissa,77.9,53,8,3.38
272,272,2.04,45.34,Mogadishu,mogadishu,81.05,97,0,9.63
273,273,0.53,72.93,Thinadhoo,thinadhoo,82.67,100,36,4.68
274,274,5.95,80.54,Matara,matara,76.1,100,8,2.68
275,275,1.74,98.78,Sibolga,sibolga,69.89,100,80,0.53
276,276,-0.22,100.63,Payakumbuh,payakumbuh,73.85,80,48,1.23
277,277,0.9,104.63,Kijang,kijang,83.39,93,80,4.13
278,278,-0.03,109.33,Pontianak,pontianak,75.2,94,40,1.08
279,279,-0.58,117.09,Loa Janan,loa janan,73.22,100,92,1.78
280,280,-0.89,119.87,Palu,palu,82.04,89,20,1.33
281,281,1.3,124.91,Tondano,tondano,86.0,74,40,3.6
282,282,-0.88,131.25,Sorong,sorong,79.16,100,44,3.73
283,283,-0.87,134.08,Manokwari,manokwari,85.46,95,8,3.68
284,284,-2.67,141.3,Vanimo,vanimo,81.55,100,32,2.38
285,285,-2.02,147.27,Lorengau,lorengau,75.2,94,90,3.1
286,286,-2.57,150.8,Kavieng,kavieng,86.27,98,48,3.53
287,287,-3.67,152.43,Namatanai,namatanai,85.64,98,0,2.13
288,288,-6.22,155.63,Kieta,kieta,81.5,100,36,1.63
289,289,21.35,-158.09,Makakilo City,makakilo city,78.8,53,40,3.6
290,290,19.73,-155.09,Hilo,hilo,75.2,53,20,3.6
291,291,22.89,-109.91,Cabo San Lucas,cabo san lucas,77.0,69,75,2.6
292,292,18.73,-103.68,Coahuayana,coahuayana,77.0,78,40,5.1
293,293,15.85,-97.07,Puerto Escondido,puerto escondido,80.6,78,5,2.6
294,294,8.4,-78.15,La Palma,la palma,77.81,100,80,1.68
295,295,4.92,-75.06,Libano,libano,75.2,73,40,2.6
296,296,5.66,-67.62,Puerto Ayacucho,puerto ayacucho,81.72,73,64,1.58
297,297,5.07,-54.97,Brokopondo,brokopondo,73.4,100,75,1.5
298,298,-0.61,-47.36,Salinopolis,salinopolis,82.31,92,0,5.13
299,299,-3.28,-39.27,Trairi,trairi,81.28,99,0,7.73
300,300,14.9,-24.5,Sao Filipe,sao filipe,78.31,91,0,5.58
301,301,7.53,-12.51,Bonthe,bonthe,79.93,85,20,2.08
302,302,5.88,-10.05,Buchanan,buchanan,77.0,94,75,0.83
303,303,5.14,-5.02,Grand-Lahou,grand-lahou,77.18,92,56,1.83
304,304,5.56,-0.2,Accra,accra,82.4,88,40,3.6
305,305,5.52,5.75,Warri,warri,78.4,77,0,3.23
306,306,4.95,9.94,Nkongsamba,nkongsamba,69.4,90,0,0.68
307,307,4.99,19.96,Kouango,kouango,79.75,45,76,3.28
308,308,5.03,25.14,Zemio,zemio,72.55,83,92,1.18
309,309,5.75,38.92,Shakiso,shakiso,46.45,90,0,1.08
310,310,4.12,43.89,Xuddur,xuddur,62.87,49,0,2.28
311,311,5.35,48.53,Hobyo,hobyo,77.27,77,0,7.93
312,312,7.98,49.82,Eyl,eyl,74.97,96,0,7.98
313,313,9.49,50.81,Bandarbeyla,bandarbeyla,78.62,100,0,9.23
314,314,5.67,73.0,Ugoofaaru,ugoofaaru,81.91,100,88,4.58
315,315,5.1,73.07,Eydhafushi,eydhafushi,81.91,100,88,4.58
316,316,4.17,73.51,Male,male,80.6,83,20,3.1
317,317,5.97,80.42,Weligama,weligama,76.1,100,8,2.68
318,318,6.8,81.48,Wattegama,wattegama,70.34,96,48,1.23
319,319,5.54,95.34,Banda Aceh,banda aceh,74.08,100,88,1.68
320,320,4.64,103.44,Paka,paka,77.0,94,75,2.6
321,321,2.3,111.82,Sibu,sibu,75.2,100,90,1
322,322,4.75,115.0,Limbang,limbang,86.0,74,75,1.5
323,323,5.08,119.94,Parangan,parangan,83.39,100,76,3.43
324,324,5.4,125.46,Sarangani,sarangani,83.8,100,56,3.93
325,325,7.04,134.26,Kloulklubed,kloulklubed,87.8,74,75,3.1
326,326,3.07,172.79,Butaritari,butaritari,83.48,100,36,5.48
327,327,22.08,-159.32,Kapaa,kapaa,75.2,60,40,6.2
328,328,14.3,-91.92,Champerico,champerico,81.86,76,0,2.63
329,329,13.49,-89.32,La Libertad,la libertad,86.0,78,20,0.5
330,330,9.98,-84.84,Puntarenas,puntarenas,71.6,94,40,3.1
331,331,9.55,-79.65,Portobelo,portobelo,80.6,88,40,2.1
332,332,10.03,-74.98,El Guamo,el guamo,83.75,80,24,2.98
333,333,10.18,-70.08,Carora,carora,79.25,52,0,4.58
334,334,10.13,-64.7,Barcelona,barcelona,82.18,97,44,6.83
335,335,10.3,-61.18,Rio Claro,rio claro,78.8,83,20,2.6
336,336,5.85,-55.02,Marienburg,marienburg,75.2,100,75,1.5
337,337,5.38,-52.95,Sinnamary,sinnamary,77.22,100,92,4.93
338,338,4.93,-52.33,Cayenne,cayenne,78.8,88,80,3.43
339,339,12.48,-16.55,Oussouye,oussouye,71.6,78,0,1
340,340,10.7,-14.37,Sangueya,sangueya,75.2,92,0,2.13
341,341,9.65,-9.78,Tokonou,tokonou,73.58,34,12,3.23
342,342,9.6,-5.2,Ferkessedougou,ferkessedougou,69.31,57,8,1.38
343,343,9.44,-0.01,Yendi,yendi,75.47,29,0,2.88
344,344,10.4,5.47,Kontagora,kontagora,68.81,65,8,0.73
345,345,10.31,9.84,Bauchi,bauchi,58.06,62,0,1.38
346,346,11.03,20.28,Am Timan,am timan,67.1,44,0,2.13
347,347,9.8,35.1,Mendi,mendi,51.71,64,0,1.58
348,348,9.98,39.98,Abomsa,abomsa,50.5,80,0,1.13
349,349,10.44,45.01,Berbera,berbera,55.58,89,0,1.68
350,350,10.57,72.64,Kavaratti,kavaratti,80.33,100,64,3.78
351,351,10.53,76.05,Chavakkad,chavakkad,75.2,83,20,2.6
352,352,9.82,80.17,Valvedditturai,valvedditturai,78.8,100,8,4.33
353,353,7.71,81.69,Batticaloa,batticaloa,75.25,100,48,2.98
354,354,11.67,92.75,Port Blair,port blair,82.22,100,88,15.43
355,355,9.54,99.94,Ko Samui,ko samui,78.8,94,20,4.6
356,356,10.02,105.08,Rach Gia,rach gia,76.06,98,0,1.63
357,357,12.73,123.33,Osmena,osmena,80.42,100,44,3.43
358,358,10.08,124.94,Macrohon,macrohon,79.75,97,20,2.68
359,359,12.23,123.51,Bacolod,bacolod,81.14,98,68,3.08
360,360,21.32,-158.01,Ewa Beach,ewa beach,78.8,53,40,3.6
361,361,27.98,-114.06,Guerrero Negro,guerrero negro,68.09,60,0,1.98
362,362,16.17,-95.2,Salina Cruz,salina cruz,82.22,51,0,5.18
363,363,14.95,-89.97,San Agustin Acasaguastlan,san agustin acasaguastlan,72.46,61,0,0.73
364,364,12.58,-81.7,San Andres,san andres,79.61,100,68,8.28
365,365,17.88,-76.41,Morant Bay,morant bay,82.4,83,20,1.5
366,366,12.52,-70.03,Oranjestad,oranjestad,82.4,83,20,8.2
367,367,14.55,-60.84,Le Vauclin,le vauclin,80.6,88,75,2.6
368,368,13.22,-59.52,Bathsheba,bathsheba,80.6,78,20,7.7
369,369,17.2,-25.09,Ponta do Sol,ponta do sol,76.82,100,0,6.33
370,370,17.02,-25.06,Porto Novo,porto novo,75.2,78,20,5.1
371,371,14.69,-17.44,Dakar,dakar,78.8,54,0,4.6
372,372,14.46,-4.92,Tenenkou,tenenkou,66.11,45,0,5.33
373,373,16.0,5.5,Tahoua,tahoua,66.47,39,24,5.53
374,374,13.98,10.27,Goure,goure,68.45,38,0,5.08
375,375,14.12,15.31,Mao,mao,71.78,33,0,7.58
376,376,14.53,20.92,Biltine,biltine,70.34,31,0,6.63
377,377,14.2,24.67,Kutum,kutum,58.64,41,0,5.58
378,378,15.45,36.4,Kassala,kassala,58.96,71,0,1.68
379,379,15.17,44.32,Sayyan,sayyan,28.62,57,0,0.83
380,380,17.02,54.09,Salalah,salalah,69.8,30,0,5.1
381,381,25.33,76.52,Mangrol,mangrol,58.33,90,68,1.28
382,382,14.97,75.03,Mundgod,mundgod,67.82,98,88,1.43
383,383,14.92,79.98,Kavali,kavali,62.6,87,44,1.83
384,384,17.65,83.27,Yarada,yarada,78.08,100,92,8.08
385,385,14.85,100.1,Doembang Nangbuat,doembang nangbuat,71.6,87,0,1.28
386,386,14.91,105.08,Det Udom,det udom,66.2,93,8,1.5
387,387,15.12,108.8,Quang Ngai,quang ngai,67.82,99,92,1.08
388,388,16.13,119.78,Aloleng,aloleng,79.16,100,88,1.18
389,389,15.01,120.08,San Narciso,san narciso,80.6,65,20,2.1
390,390,14.05,124.17,Pandan,pandan,79.88,100,32,1.63
391,391,12.18,125.51,San Policarpo,san policarpo,81.1,98,88,2.83
392,392,34.64,-120.46,Lompoc,lompoc,60.8,62,1,2.6
393,393,19.03,-97.0,Tomatlan,tomatlan,59.41,75,44,1.33
394,394,19.92,-100.0,Temascalcingo,temascalcingo,60.89,43,0,1.63
395,395,19.05,-95.98,Anton Lizardo,anton lizardo,77.0,83,75,2.6
396,396,20.17,-90.13,Hecelchakan,hecelchakan,80.6,88,20,5.1
397,397,19.28,-81.25,Bodden Town,bodden town,80.6,88,20,4.6
398,398,20.14,-75.21,Guantanamo,guantanamo,75.2,100,40,2.6
399,399,19.77,-70.52,Sosua,sosua,77.0,94,75,2.6
400,400,18.42,-64.62,Road Town,road town,77.9,100,68,9.63
401,401,20.93,-17.03,Nouadhibou,nouadhibou,66.2,29,0,9.8
402,402,20.52,-13.05,Atar,atar,60.53,26,0,5.38
403,403,18.9,-3.53,Araouane,araouane,60.44,28,0,6.03
404,404,20.2,1.01,Tessalit,tessalit,55.85,47,0,1.73
405,405,18.74,7.39,Arlit,arlit,62.69,41,76,3.18
406,406,18.69,12.92,Bilma,bilma,59.0,55,36,3.43
407,407,18.48,31.82,Marawi,marawi,69.35,47,0,6.98
408,408,21.43,39.83,Mecca,mecca,75.2,64,0,1.23
409,409,17.49,44.13,Najran,najran,48.2,36,0,1.03
410,410,22.57,59.53,Sur,sur,67.73,100,0,2.98
411,411,22.24,68.97,Dwarka,dwarka,69.26,100,0,7.43
412,412,20.9,70.37,Veraval,veraval,65.53,100,20,4.93
413,413,20.05,75.18,Khuldabad,khuldabad,69.8,88,20,1.03
414,414,20.07,79.67,Mul,mul,61.21,89,8,1.28
415,415,20.13,85.1,Nayagarh,nayagarh,51.71,92,32,1.23
416,416,20.15,94.92,Magway,magway,64.62,100,20,2.33
417,417,19.91,99.83,Chiang Rai,chiang rai,62.6,100,20,0.98
418,418,19.8,105.77,Thanh Hoa,thanh hoa,63.32,97,88,2.13
419,419,29.42,121.34,Shenzhen,shenzhen,41.0,86,80,2
420,420,18.47,120.58,Davila,davila,75.2,78,40,2.1
421,421,20.45,121.97,Basco,basco,78.71,100,48,7.33
422,422,26.12,127.67,Itoman,itoman,66.2,72,20,1.5
423,423,26.18,127.76,Nishihara,nishihara,66.2,72,20,1.5
424,424,28.37,129.48,Naze,naze,66.2,68,75,4.6
425,425,34.98,139.87,Tateyama,tateyama,51.8,100,20,4.1
426,426,35.13,140.3,Katsuura,katsuura,46.4,100,20,4.1
427,427,20.89,-156.47,Kahului,kahului,77.0,47,20,4.6
428,428,30.48,-115.95,San Quintin,san quintin,63.01,41,0,1.18
429,429,24.17,-110.3,La Paz,la paz,71.6,64,75,5.1
430,430,24.89,-105.07,Nuevo Ideal,nuevo ideal,64.45,30,32,4.03
431,431,18.63,-99.22,Galeana,galeana,69.8,35,20,1.5
432,432,25.53,-103.25,Matamoros,matamoros,69.8,49,75,2.6
433,433,21.28,-89.67,Progreso,progreso,77.0,73,20,2.1
434,434,22.9,-83.16,Bahia Honda,bahia honda,75.74,82,8,1.93
435,435,25.09,-80.45,Key Largo,key largo,73.4,100,20,1.5
436,436,24.03,-74.52,Cockburn Town,cockburn town,79.75,94,64,8.63
437,437,18.22,-63.06,The Valley,the valley,77.0,88,20,7.7
438,438,28.66,-17.92,Los Llanos de Aridane,los llanos de aridane,64.4,63,0,4.6
439,439,27.91,-15.45,Aguimes,aguimes,62.6,55,0,3.1
440,440,29.58,-9.5,Tiznit,tiznit,29.66,79,0,1.18
441,441,22.68,-3.98,Taoudenni,taoudenni,53.2,42,0,6.28
442,442,27.87,-0.29,Adrar,adrar,50.0,53,0,9.3
443,443,29.11,21.29,Awjilah,awjilah,49.64,66,48,4.13
444,444,25.02,37.27,Umm Lajj,umm lajj,64.18,100,0,4.08
445,445,26.33,43.98,Buraydah,buraydah,55.4,54,0,3.1
446,446,25.21,50.81,Umm Bab,umm bab,55.4,75,0,2.13
447,447,25.26,55.3,Dubai,dubai,64.4,45,0,3.1
448,448,25.21,64.64,Ormara,ormara,65.08,96,0,1.43
449,449,24.73,69.8,Mithi,mithi,56.08,63,0,4.53
450,450,24.98,75.0,Begun,begun,57.56,98,68,1.88
451,451,24.85,79.93,Khajuraho,khajuraho,55.13,65,12,1.63
452,452,24.93,84.83,Tekari,tekari,55.4,87,12,1.5
453,453,25.02,90.02,Sherpur,sherpur,55.58,87,0,1.13
454,454,25.67,94.5,Phek,phek,45.86,95,8,0.58
455,455,34.8,109.94,Dali,dali,23.67,69,0,2.78
456,456,25.28,110.29,Guilin,guilin,55.4,71,90,2
457,457,25.12,114.3,Xiongzhou,xiongzhou,41.72,87,0,1.13
458,458,24.8,125.28,Hirara,hirara,68.0,77,75,5.1
459,459,26.35,127.87,Gushikawa,gushikawa,66.2,72,20,1.5
460,460,33.73,135.98,Shingu,shingu,46.4,42,20,2.1
461,461,35.73,140.83,Hasaki,hasaki,46.4,65,20,4.1
462,462,21.44,-157.84,Ahuimanu,ahuimanu,78.8,50,90,3.1
463,463,37.46,-122.43,Half Moon Bay,half moon bay,62.6,36,40,1.98
464,464,36.62,-121.92,Pacific Grove,pacific grove,62.6,58,1,1.83
465,465,32.33,-117.03,Rosarito,rosarito,69.8,63,20,1.5
466,466,31.0,-114.87,San Felipe,san felipe,69.53,100,0,10.98
467,467,29.98,-109.78,Cumpas,cumpas,53.2,88,80,0.98
468,468,29.57,-104.42,Ojinaga,ojinaga,39.74,88,92,1.78
469,469,29.21,-99.79,Uvalde,uvalde,44.6,100,90,4.28
470,470,30.0,-95.18,Atascocita,atascocita,44.6,87,90,4.1
471,471,29.94,-89.96,Chalmette,chalmette,46.4,87,90,6.2
472,472,30.15,-85.57,Callaway,callaway,53.6,81,40,5.7
473,473,29.29,-81.06,Ormond Beach,ormond beach,71.6,83,1,1.5
474,474,26.54,-77.06,Marsh Harbour,marsh harbour,77.72,100,76,5.08
475,475,32.29,-64.78,Hamilton,hamilton,68.0,68,75,2.6
476,476,32.38,-64.68,Saint George,saint george,68.0,68,75,2.6
477,477,38.52,-28.7,Ribeira Grande,ribeira grande,67.51,94,92,13.98
478,478,28.96,-13.65,Tias,tias,64.4,63,0,3.6
479,479,31.87,10.98,Nalut,nalut,40.1,88,8,2.98
480,480,29.13,15.95,Hun,hun,42.98,89,0,2.83
481,481,30.76,20.23,Ajdabiya,ajdabiya,45.46,70,0,3.78
482,482,31.76,25.09,Bardiyah,bardiyah,60.4,100,56,7.88
483,483,29.82,31.05,Madinat Sittah Uktubar,madinat sittah uktubar,57.2,58,75,4.1
484,484,30.12,55.12,Shahr-e Babak,shahr-e babak,28.36,43,48,2.98
485,485,31.03,61.5,Zabol,zabol,28.4,46,0,2.1
486,486,29.55,66.02,Nushki,nushki,23.63,72,0,0.78
487,487,29.9,69.53,Barkhan,barkhan,22.51,58,0,1.18
488,488,29.85,74.95,Kalanwali,kalanwali,46.13,81,0,1.43
489,489,29.85,79.77,Bageshwar,bageshwar,42.76,89,92,0.98
490,490,28.23,83.98,Pokhara,pokhara,49.33,84,76,0.73
491,491,28.17,94.77,Along,along,51.08,83,0,0.88
492,492,29.25,117.85,Ziyang,ziyang,35.69,86,92,1.43
493,493,30.3,109.48,Enshi,enshi,32.72,88,88,0.88
494,494,29.96,115.06,Baisha,baisha,43.25,100,88,1.28
495,495,32.9,115.82,Fuyang,fuyang,26.33,65,0,1.68
496,496,29.96,122.3,Shenjiamen,shenjiamen,51.53,100,64,1.43
497,497,31.42,130.32,Kaseda,kaseda,37.4,100,0,2.6
498,498,33.28,134.15,Muroto,muroto,42.8,60,20,3.6
499,499,34.67,138.95,Shimoda,shimoda,51.8,62,40,2.1
500,500,50.68,156.12,Severo-Kurilsk,severo-kurilsk,29.57,100,88,3.53
501,501,40.6,-124.16,Fortuna,fortuna,53.6,62,1,2.1
502,502,37.61,-122.49,Pacifica,pacifica,62.6,36,40,3.23
503,503,34.95,-120.44,Santa Maria,santa maria,60.8,44,1,2.23
504,504,35.15,-114.57,Bullhead City,bullhead city,64.4,13,1,10.3
505,505,44.55,-69.62,Winslow,winslow,35.6,84,75,2.23
506,506,35.59,-105.22,Las Vegas,las vegas,21.2,53,1,5.1
507,507,35.41,-99.4,Elk City,elk city,41.0,32,1,1.5
508,508,35.39,-94.4,Fort Smith,fort smith,42.8,56,1,2.48
509,509,34.99,-90.01,Southaven,southaven,42.8,82,75,2.1
510,510,35.0,-85.15,East Brainerd,east brainerd,42.8,48,90,1.23
511,511,34.94,-79.77,Rockingham,rockingham,44.6,93,75,1.33
512,512,36.29,-76.25,Elizabeth City,elizabeth city,48.2,75,90,4.08
513,513,47.67,-52.73,Torbay,torbay,30.2,100,90,2.1
514,514,37.72,-25.43,Vila Franca do Campo,vila franca do campo,66.2,93,40,6.2
515,515,33.08,-16.33,Camacha,camacha,64.4,72,40,2.6
516,516,36.39,4.4,Tazmalt,tazmalt,44.6,81,0,5.7
517,517,35.84,14.54,Marsaxlokk,marsaxlokk,50.0,66,0,3.1
518,518,36.82,21.7,Methoni,methoni,33.8,86,0,3.6
519,519,35.05,25.1,Asimion,asimion,51.8,62,40,3.6
520,520,36.37,30.29,Kumluca,kumluca,9.14,73,0,0.63
521,521,34.7,44.97,Kifri,kifri,49.6,91,92,3.73
522,522,34.69,50.01,Tafresh,tafresh,40.06,51,56,4.03
523,523,36.17,54.35,Damghan,damghan,28.45,73,24,1.08
524,524,35.24,60.62,Torbat-e Jam,torbat-e jam,18.68,69,56,1.08
525,525,34.85,69.65,Tagab,tagab,26.6,42,0,1.5
526,526,34.17,77.58,Leh,leh,-30.91,31,0,0.73
527,527,29.27,82.18,Jumla,jumla,32.45,100,92,0.78
528,528,40.28,97.2,Yumen,yumen,9.27,71,64,4.13
529,529,36.62,101.77,Xining,xining,-7.78,57,0,1.33
530,530,34.57,105.89,Beidao,beidao,16.88,76,0,1.38
531,531,34.5,109.51,Weinan,weinan,23.67,69,0,2.78
532,532,35.24,115.44,Heze,heze,23.95,83,0,2.88
533,533,35.39,119.55,Rizhao,rizhao,32.63,74,0,4.63
534,534,37.57,126.98,Seoul,seoul,33.8,100,90,0.98
535,535,33.77,130.47,Fukuma,fukuma,46.4,52,75,6.2
536,536,34.98,134.97,Nishiwaki,nishiwaki,46.4,75,20,2.6
537,537,39.27,141.88,Kamaishi,kamaishi,28.4,86,75,0.5
538,538,64.38,-173.3,Provideniya,provideniya,23.0,67,75,5.03
539,539,57.79,-152.41,Kodiak,kodiak,28.4,86,1,3.1
540,540,40.98,-75.47,Sun Valley,sun valley,35.6,63,1,3.1
541,541,40.83,-115.76,Elko,elko,24.8,79,1,1.18
542,542,39.6,-110.81,Price,price,30.2,36,1,5.1
543,543,37.57,-95.24,Erie,erie,41.0,51,1,5.73
544,544,33.87,-83.11,Lexington,lexington,42.8,93,1,1.5
545,545,31.92,-91.23,Saint Joseph,saint joseph,46.4,70,90,3.03
546,546,33.81,-85.76,Jacksonville,jacksonville,42.8,75,40,1.5
547,547,32.45,-87.51,Uniontown,uniontown,40.82,86,80,2.53
548,548,40.0,-74.99,Cinnaminson,cinnaminson,42.8,38,1,3.1
549,549,41.28,-70.1,Nantucket,nantucket,44.6,86,75,2.6
550,550,43.77,-65.32,Shelburne,shelburne,44.6,81,90,5.1
551,551,45.62,-61.35,Port Hawkesbury,port hawkesbury,48.2,100,90,4.1
552,552,46.77,-56.17,Saint-Pierre,saint-pierre,37.4,100,90,10.3
553,553,37.8,-25.58,Rabo de Peixe,rabo de peixe,66.2,93,40,6.2
554,554,39.36,-9.38,Peniche,peniche,44.6,81,0,1.5
555,555,39.96,-4.83,Talavera de la Reina,talavera de la reina,21.16,74,24,0.93
556,556,39.89,-0.09,Burriana,burriana,37.4,100,0,1.5
557,557,39.93,9.66,Tortoli,tortoli,46.4,61,0,4.1
558,558,40.35,15.0,Agropoli,agropoli,46.67,100,0,3.38
559,559,39.95,20.1,Delvine,delvine,39.2,93,20,1.5
560,560,39.91,30.04,Bozuyuk,bozuyuk,37.4,93,75,1.5
561,561,40.17,34.84,Alaca,alaca,18.95,78,20,2.13
562,562,40.26,40.23,Bayburt,bayburt,14.5,80,0,2.48
563,563,39.82,45.04,Zangakatun,zangakatun,32.0,94,90,1.98
564,564,39.51,54.37,Balkanabat,balkanabat,31.51,86,88,1.18
565,565,41.32,61.07,Hazorasp,hazorasp,30.2,68,64,7.2
566,566,39.45,75.98,Kashi,kashi,21.2,53,20,3
567,567,41.12,80.26,Aksu,aksu,9.32,66,44,0.28
568,568,41.76,86.15,Korla,korla,11.93,72,48,1.33
569,569,38.93,100.45,Zhangye,zhangye,1.58,58,0,1.28
570,570,39.23,106.34,Shitanjing,shitanjing,-10.07,59,0,0.88
571,571,30.57,103.92,Dongsheng,dongsheng,50.0,81,40,2
572,572,40.61,115.04,Xuanhua,xuanhua,6.35,78,0,2.53
573,573,39.93,119.59,Qinhuangdao,qinhuangdao,9.14,63,0,3.03
574,574,40.13,124.39,Dandong,dandong,10.45,81,0,2.48
575,575,42.9,133.91,Preobrazheniye,preobrazheniye,-2.69,59,0,1.43
576,576,39.9,139.97,Tenno,tenno,30.2,86,20,3.1
577,577,34.8,135.42,Kushiro,kushiro,46.4,75,20,2.6
578,578,31.47,-82.88,Bethel,bethel,53.6,66,90,2.6
579,579,57.05,-135.33,Sitka,sitka,55.4,35,75,10.3
580,580,50.7,-127.42,Port Hardy,port hardy,42.8,81,5,1
581,581,35.6,-91.28,Newport,newport,42.8,74,1,3.1
582,582,45.84,-119.29,Hermiston,hermiston,30.2,92,1,1.53
583,583,32.58,-88.19,Livingston,livingston,42.8,87,90,1.88
584,584,44.29,-105.5,Gillette,gillette,15.8,85,75,2.6
585,585,44.37,-100.35,Pierre,pierre,15.8,72,1,6.7
586,586,45.12,-95.04,Willmar,willmar,21.2,62,1,11.3
587,587,45.18,-89.68,Merrill,merrill,15.8,78,90,4.6
588,588,44.76,-85.62,Traverse City,traverse city,26.6,92,90,3.6
589,589,44.75,-79.88,Midland,midland,28.4,79,90,6.2
590,590,44.93,-74.89,Massena,massena,33.8,56,75,4.1
591,591,34.7,-86.75,Madison,madison,44.6,80,90,2.53
592,592,44.95,-65.07,Middleton,middleton,41.0,100,75,3.6
593,593,37.18,-7.5,Lagoa,lagoa,51.8,62,0,3.6
594,594,38.73,-27.07,Praia da Vitoria,praia da vitoria,66.2,93,75,11.88
595,595,42.78,-9.06,Muros,muros,46.4,65,40,3.1
596,596,43.21,-8.69,Carballo,carballo,48.2,70,40,3.6
597,597,43.48,-5.44,Villaviciosa,villaviciosa,48.2,61,92,0.5
598,598,44.92,-0.23,Libourne,libourne,35.6,100,90,2.6
599,599,45.05,5.06,Romans-sur-Isere,romans-sur-isere,28.4,86,0,4.6
600,600,45.14,10.03,Cremona,cremona,37.4,90,8,2.68
601,601,44.99,14.91,Senj,senj,44.6,81,40,2.1
602,602,45.02,25.0,Titesti,titesti,21.56,79,32,1.18
603,603,45.16,29.65,Sulina,sulina,42.71,96,76,5.13
604,604,47.16,37.49,Staryy Krym,staryy krym,34.61,94,64,5.38
605,605,45.11,39.89,Novolabinskaya,novolabinskaya,39.2,97,75,5
606,606,44.79,44.92,Urozhaynoye,urozhaynoye,29.26,90,0,3.93
607,607,44.51,50.26,Fort-Shevchenko,fort-shevchenko,37.9,100,80,8.48
608,608,45.32,55.2,Beyneu,beyneu,32.86,60,88,5.38
609,609,45.41,79.92,Sarkand,sarkand,16.75,91,56,1.18
610,610,42.8,93.45,Hami,hami,8.78,54,0,2.03
611,611,48.01,91.64,Hovd,hovd,-13.22,53,0,0.53
612,612,45.76,106.27,Mandalgovi,mandalgovi,-1.79,61,0,3.33
613,613,49.49,105.92,Darhan,darhan,-2.24,44,0,2.43
614,614,46.68,113.28,Baruun-Urt,baruun-urt,-2.24,65,0,3.63
615,615,45.12,124.86,Qianguo,qianguo,-4.18,79,12,3.28
616,616,44.77,129.7,Chaihe,chaihe,-16.37,69,24,0.68
617,617,44.63,135.35,Krasnorechenskiy,krasnorechenskiy,-4.63,65,0,2.03
618,618,45.41,141.67,Wakkanai,wakkanai,23.0,57,40,6.7
619,619,44.02,144.27,Abashiri,abashiri,8.6,71,20,2.1
620,620,55.34,-131.65,Ketchikan,ketchikan,50.0,93,1,4.1
621,621,50.02,-125.24,Campbell River,campbell river,33.8,100,5,0.73
622,622,49.77,-119.74,Peachland,peachland,33.8,86,90,1.5
623,623,49.5,-115.07,Fernie,fernie,24.8,79,90,0.63
624,624,49.92,-109.48,Maple Creek,maple creek,22.73,79,20,3.68
625,625,50.45,-104.62,Regina,regina,10.4,85,90,3.6
626,626,49.85,-99.95,Brandon,brandon,3.2,71,75,6.2
627,627,49.77,-94.48,Kenora,kenora,3.2,84,40,5.1
628,628,48.4,-89.32,Thunder Bay,thunder bay,15.8,72,75,7.7
629,629,49.21,-84.77,Hornepayne,hornepayne,22.19,65,80,5.18
630,630,49.07,-81.03,Cochrane,cochrane,19.4,85,90,4.6
631,631,49.78,-74.85,Chapais,chapais,23.0,73,90,4.6
632,632,48.74,-69.08,Forestville,forestville,32.0,90,90,5.1
633,633,48.96,-65.5,Murdochville,murdochville,31.73,81,68,4.03
634,634,51.23,-58.65,Saint-Augustin,saint-augustin,35.6,100,92,10.63
635,635,49.25,-55.05,Lewisporte,lewisporte,30.2,86,90,5.1
636,636,48.65,-53.11,Bonavista,bonavista,32.81,100,8,4.13
637,637,60.14,-45.24,Nanortalik,nanortalik,21.56,92,48,0.78
638,638,52.14,-10.27,Dingle,dingle,53.83,91,92,13.13
639,639,51.55,-9.27,Skibbereen,skibbereen,53.6,100,75,10.8
640,640,50.15,-5.07,Falmouth,falmouth,53.6,93,90,11.3
641,641,49.76,0.37,Fecamp,fecamp,44.6,75,90,7.2
642,642,49.98,4.94,Gedinne,gedinne,37.4,86,75,7.7
643,643,49.98,10.1,Werneck,werneck,37.4,92,90,2.6
644,644,50.09,15.03,Pecky,pecky,39.2,92,90,4.6
645,645,49.99,20.05,Wieliczka,wieliczka,39.2,80,75,6.2
646,646,50.09,25.15,Brody,brody,33.76,97,88,8.73
647,647,50.08,29.92,Fastiv,fastiv,32.0,97,90,4
648,648,50.31,34.9,Okhtyrka,okhtyrka,25.88,88,48,4.98
649,649,49.97,39.69,Mitrofanovka,mitrofanovka,31.1,89,68,5.48
650,650,50.14,45.21,Petrov Val,petrov val,25.75,95,76,3.33
651,651,51.2,49.73,Ozinki,ozinki,27.68,98,92,2.98
652,652,51.16,54.99,Sol-Iletsk,sol-iletsk,27.32,86,92,6.83
653,653,50.76,59.54,Dombarovskiy,dombarovskiy,16.92,84,92,6.58
654,654,51.1,66.32,Derzhavinsk,derzhavinsk,5.72,65,24,1.88
655,655,51.18,71.45,Astana,astana,6.8,92,75,2
656,656,50.41,80.23,Semey,semey,8.51,80,56,2.58
657,657,50.27,85.61,Ust-Koksa,ust-koksa,-14.57,55,0,1.38
658,658,50.35,90.5,Mugur-Aksy,mugur-aksy,-22.22,25,0,1.03
659,659,50.26,95.16,Erzin,erzin,-12.59,51,0,1.43
660,660,47.38,110.32,Moron,moron,-5.12,49,12,2.53
661,661,50.61,105.32,Petropavlovka,petropavlovka,-0.44,61,8,1.48
662,662,50.36,108.75,Krasnyy Chikoy,krasnyy chikoy,14.27,76,76,1.88
663,663,50.52,115.13,Nizhniy Tsasuchey,nizhniy tsasuchey,-16.55,46,0,2.53
664,664,49.2,119.7,Hailar,hailar,-30.55,48,0,1.78
665,665,49.18,125.22,Nenjiang,nenjiang,-32.71,0,8,2.08
666,666,49.8,129.88,Novobureyskiy,novobureyskiy,-23.98,36,44,1.23
667,667,49.24,135.17,Litovko,litovko,-30.82,52,20,0.93
668,668,50.12,139.15,Vysokogornyy,vysokogornyy,-30.91,48,8,1.08
669,669,49.22,143.12,Poronaysk,poronaysk,9.91,100,0,8.03
670,670,46.49,135.88,Vostok,vostok,-17.5,72,12,0.78
671,671,53.05,158.65,Petropavlovsk-Kamchatskiy,petropavlovsk-kamchatskiy,12.2,56,68,3
672,672,63.05,179.32,Beringovskiy,beringovskiy,16.3,100,36,5.88
673,673,66.32,-179.17,Egvekinot,egvekinot,20.26,90,88,4.83
674,674,32.43,-96.67,Palmer,palmer,53.6,42,1,1.53
675,675,54.32,-130.32,Prince Rupert,prince rupert,37.4,93,1,1
676,676,55.22,-119.44,Beaverlodge,beaverlodge,39.2,55,40,2.6
677,677,55.28,-114.77,Slave Lake,slave lake,23.0,85,1,2.1
678,678,55.1,-105.28,La Ronge,la ronge,14.0,92,90,2.1
679,679,53.83,-101.25,The Pas,the pas,3.2,71,5,4.6
680,680,55.74,-97.86,Thompson,thompson,3.2,77,90,5.7
681,681,50.1,-91.92,Sioux Lookout,sioux lookout,5.0,77,40,5.1
682,682,50.03,-66.87,Port-Cartier,port-cartier,32.0,99,90,4.1
683,683,50.23,-63.6,Havre-Saint-Pierre,havre-saint-pierre,33.8,100,90,4.1
684,684,65.61,-37.64,Tasiilaq,tasiilaq,17.6,48,0,1
685,685,63.84,-22.43,Grindavik,grindavik,26.6,58,75,11.8
686,686,63.44,-20.27,Vestmannaeyjar,vestmannaeyjar,31.32,100,0,11.98
687,687,54.9,-5.03,Stranraer,stranraer,57.2,93,100,9.3
688,688,54.28,-0.4,Scarborough,scarborough,53.6,87,92,6.7
689,689,53.17,5.42,Harlingen,harlingen,50.0,81,90,8.2
690,690,54.99,9.87,Guderup,guderup,48.2,87,75,9.8
691,691,55.05,24.95,Sirvintos,sirvintos,33.8,96,90,2.1
692,692,54.99,35.31,Iznoski,iznoski,22.1,86,64,4.83
693,693,55.13,40.18,Spas-Klepiki,spas-klepiki,25.52,95,88,3.63
694,694,55.23,45.03,Gagino,gagino,20.71,92,88,2.83
695,695,54.88,49.93,Bazarnyye Mataki,bazarnyye mataki,25.48,89,92,3.63
696,696,48.68,44.33,Alekseyevka,alekseyevka,28.4,92,40,5
697,697,55.15,60.12,Turgoyak,turgoyak,20.3,79,88,3.78
698,698,54.91,65.09,Glyadyanskoye,glyadyanskoye,15.57,86,56,4.43
699,699,54.91,70.44,Bulaevo,bulaevo,10.62,74,12,1.33
700,700,54.84,75.08,Okoneshnikovo,okoneshnikovo,13.28,84,44,3.48
701,701,55.2,80.28,Kargat,kargat,15.53,92,64,4.33
702,702,54.61,85.39,Krasnoye,krasnoye,14.95,87,68,1.83
703,703,55.26,94.9,Aginskoye,aginskoye,23.41,84,64,4.28
704,704,55.1,99.39,Atagay,atagay,21.83,86,92,3.68
705,705,54.81,105.16,Zhigalovo,zhigalovo,19.67,71,92,3.88
706,706,54.3,110.3,Kurumkan,kurumkan,-3.46,77,80,0.83
707,707,56.34,114.88,Taksimo,taksimo,-19.97,51,48,0.73
708,708,54.43,119.93,Tupik,tupik,-35.54,0,0,1.13
709,709,55.17,124.72,Tynda,tynda,-35.09,61,0,1.18
710,710,54.72,135.31,Chumikan,chumikan,-24.25,100,0,3.13
711,711,53.94,139.92,Mnogovershinnyy,mnogovershinnyy,-14.12,64,56,1.23
712,712,53.57,142.95,Okha,okha,9.5,98,68,6.18
713,713,59.57,150.8,Magadan,magadan,-22.0,74,0,3
714,714,38.21,-98.21,Sterling,sterling,37.4,44,20,3.1
715,715,60.75,-137.51,Haines Junction,haines junction,29.26,90,80,1.63
716,716,60.72,-135.05,Whitehorse,whitehorse,41.0,48,75,6.7
717,717,43.41,-88.71,Juneau,juneau,28.4,67,90,6.2
718,718,58.81,-122.7,Fort Nelson,fort nelson,17.6,92,75,1
719,719,60.82,-115.8,Hay River,hay river,14.0,92,40,3.1
720,720,62.46,-114.35,Yellowknife,yellowknife,1.4,84,90,2.6
721,721,63.75,-68.51,Iqaluit,iqaluit,28.4,92,90,4.1
722,722,66.15,-65.71,Pangnirtung,pangnirtung,24.76,81,92,6.38
723,723,64.18,-51.72,Nuuk,nuuk,32.0,97,88,18
724,724,61.99,-49.67,Paamiut,paamiut,32.18,94,92,12.93
725,725,64.25,-15.21,Hofn,hofn,33.44,100,44,15.63
726,726,58.97,-3.3,Stromness,stromness,51.8,87,56,9.8
727,727,60.15,-1.15,Lerwick,lerwick,51.8,93,76,12.3
728,728,60.09,5.23,Storebo,storebo,47.26,99,92,6.38
729,729,59.97,9.99,Vikersund,vikersund,22.32,99,88,0.93
730,730,60.15,15.19,Ludvika,ludvika,26.6,92,90,2.6
731,731,60.61,21.44,Helsinki,helsinki,23.0,100,80,1
732,732,60.02,30.02,Lisiy Nos,lisiy nos,28.4,68,90,5
733,733,59.96,40.19,Kharovsk,kharovsk,16.16,86,48,1.73
734,734,59.54,45.46,Nikolsk,nikolsk,20.12,94,68,1.23
735,735,62.1,77.47,Raduzhnyy,raduzhnyy,22.19,89,92,5.88
736,736,59.94,55.0,Kosa,kosa,24.17,84,88,4.13
737,737,59.94,60.08,Volchansk,volchansk,23.41,79,92,2.23
738,738,60.12,64.78,Uray,uray,20.57,86,56,3.13
739,739,60.05,69.9,Gornopravdinsk,gornopravdinsk,18.32,81,56,4.68
740,740,61.13,74.82,Lokosovo,lokosovo,19.17,88,24,4.23
741,741,59.06,80.86,Kargasok,kargasok,19.9,90,12,2.88
742,742,58.44,85.04,Belyy Yar,belyy yar,25.02,83,80,3.68
743,743,60.38,92.63,Teya,teya,23.54,81,92,3.68
744,744,58.69,99.18,Kodinsk,kodinsk,21.74,72,92,4.08
745,745,60.34,102.28,Vanavara,vanavara,19.45,74,80,4.08
746,746,61.28,108.01,Yerbogachen,yerbogachen,11.21,87,68,3.68
747,747,60.73,114.93,Lensk,lensk,5.95,78,68,3.73
748,748,58.84,125.49,Nizhniy Kuranakh,nizhniy kuranakh,-22.22,61,48,1.43
749,749,60.42,134.53,Ust-Maya,ust-maya,-48.32,0,32,1.23
750,750,55.32,61.53,Solnechnyy,solnechnyy,21.2,73,76,5
751,751,59.38,143.3,Okhotsk,okhotsk,-3.05,100,64,3.98
752,752,59.7,150.17,Arman,arman,-22.0,74,0,3
753,753,62.55,155.55,Dukat,dukat,-15.25,62,76,1.28
754,754,59.12,159.97,Palana,palana,20.03,100,68,2.43
755,755,60.47,166.1,Tilichiki,tilichiki,-6.43,58,0,2.78
756,756,65.58,-171.0,Lavrentiya,lavrentiya,30.65,100,88,6.33
757,757,64.5,-165.41,Nome,nome,24.8,100,90,3.1
758,758,60.55,-151.26,Kenai,kenai,23.0,100,40,2.6
759,759,64.86,-147.8,College,college,28.4,92,90,1.5
760,760,64.84,-147.72,Fairbanks,fairbanks,28.4,92,90,1.5
761,761,63.59,-135.9,Mayo,mayo,35.6,74,90,3.6
762,762,65.28,-126.83,Norman Wells,norman wells,17.6,85,75,3.1
763,763,65.42,-52.9,Maniitsoq,maniitsoq,30.83,95,92,12.63
764,764,60.72,-46.03,Qaqortoq,qaqortoq,17.6,72,68,1
765,765,62.23,-6.59,Klaksvik,klaksvik,41.0,100,92,5.7
766,766,60.4,-1.35,Brae,brae,51.8,93,88,12.3
767,767,62.58,6.13,Roald,roald,48.2,87,92,5.1
768,768,64.75,20.95,Skelleftea,skelleftea,3.2,84,20,0.5
769,769,65.18,25.35,Haukipudas,haukipudas,21.2,100,48,1.5
770,770,64.57,30.58,Kostomuksha,kostomuksha,14.54,82,76,1.13
771,771,64.96,34.58,Kem,kem,20.3,100,80,1.88
772,772,64.56,39.83,Severodvinsk,severodvinsk,14.0,100,90,2
773,773,64.9,45.76,Leshukonskoye,leshukonskoye,17.2,93,80,1.23
774,774,63.46,48.9,Koslan,koslan,20.57,80,68,1.48
775,775,65.01,53.91,Izhma,izhma,26.87,81,88,2.78
776,776,66.03,60.17,Inta,inta,26.06,88,56,1.98
777,777,65.37,64.67,Muzhi,muzhi,6.98,70,32,2.88
778,778,66.83,70.83,Yar-Sale,yar-sale,7.21,86,12,1.88
779,779,65.85,74.49,Pangody,pangody,21.16,84,80,4.08
780,780,65.97,78.37,Urengoy,urengoy,22.32,96,68,4.68
781,781,65.82,87.98,Turukhansk,turukhansk,24.71,89,88,7.73
782,782,61.67,96.37,Baykit,baykit,20.75,81,88,5.13
783,783,64.28,100.25,Tura,tura,18.32,90,76,3.13
784,784,66.0,111.5,Aykhal,aykhal,-25.19,36,64,1.33
785,785,62.45,114.33,Almaznyy,almaznyy,-16.69,70,64,1.23
786,786,63.45,120.32,Verkhnevilyuysk,verkhnevilyuysk,-24.2,72,48,3.23
787,787,66.77,123.37,Zhigansk,zhigansk,-28.48,46,64,3.48
788,788,62.72,129.67,Namtsy,namtsy,-35.09,66,56,3.03
789,789,62.67,135.6,Khandyga,khandyga,-39.01,81,64,1.18
790,790,64.57,143.2,Ust-Nera,ust-nera,-37.79,67,24,0.78
791,791,65.75,150.85,Zyryanka,zyryanka,-5.3,84,64,1.13
792,792,61.95,159.23,Evensk,evensk,7.16,100,0,3.68
793,793,64.75,177.48,Anadyr,anadyr,14.0,85,90,5
794,794,71.29,-156.79,Barrow,barrow,10.4,92,90,9.3
795,795,68.22,-135.01,Aklavik,aklavik,19.4,85,75,1.5
796,796,69.45,-133.04,Tuktoyaktuk,tuktoyaktuk,12.2,85,90,7.2
797,797,70.47,-68.59,Clyde River,clyde river,1.4,84,75,10.8
798,798,72.79,-56.15,Upernavik,upernavik,23.27,100,68,8.88
799,799,68.31,-53.46,Kangaatsiaq,kangaatsiaq,29.35,99,80,8.23
800,800,69.22,-51.1,Ilulissat,ilulissat,28.4,79,88,6.7
801,801,66.04,-17.34,Husavik,husavik,24.8,92,75,8.2
802,802,67.67,12.69,Sorland,sorland,38.52,100,36,3.28
803,803,69.1,15.95,Myre,myre,28.4,79,56,5.1
804,804,69.58,20.22,Lyngseidet,lyngseidet,30.2,86,75,6.2
805,805,70.05,24.97,Lakselv,lakselv,12.2,84,80,7.2
806,806,70.07,29.75,Vadso,vadso,19.4,83,8,3.6
807,807,68.05,39.51,Ostrovnoy,ostrovnoy,19.62,95,92,2.43
808,808,44.46,136.01,Kamenka,kamenka,8.38,100,0,5.38
809,809,67.68,53.15,Iskateley,iskateley,15.12,76,36,5.38
810,810,48.54,135.02,Severnyy,severnyy,-16.6,75,24,1.23
811,811,67.47,78.7,Tazovskiy,tazovskiy,22.1,89,76,5.63
812,812,69.41,86.18,Dudinka,dudinka,-7.33,91,68,3.68
813,813,69.49,88.4,Talnakh,talnakh,3.43,90,88,1.63
814,814,71.97,102.5,Khatanga,khatanga,-22.99,34,0,6.78
815,815,71.92,114.08,Saskylakh,saskylakh,-24.16,72,56,1.88
816,816,71.69,128.87,Tiksi,tiksi,-23.8,70,48,2.18
817,817,70.02,135.6,Ust-Kuyga,ust-kuyga,-36.04,68,0,1.33
818,818,69.3,139.9,Deputatskiy,deputatskiy,-20.65,57,36,1.08
819,819,68.53,146.42,Belaya Gora,belaya gora,-7.19,77,88,1.63
820,820,70.63,147.92,Chokurdakh,chokurdakh,2.35,88,88,1.73
821,821,67.45,153.68,Srednekolymsk,srednekolymsk,-4.04,79,76,1.43
822,822,68.75,161.3,Cherskiy,cherskiy,-1.52,70,68,1.03
823,823,68.05,166.44,Bilibino,bilibino,-5.89,55,44,1.83
824,824,69.7,170.31,Pevek,pevek,0.28,96,0,3.93
825,825,43.98,46.7,Komsomolskiy,komsomolskiy,31.73,95,76,4.13
826,826,69.38,178.42,Leningradskiy,leningradskiy,15.53,86,36,9.43
827,827,77.48,-69.36,Qaanaaq,qaanaaq,8.11,94,68,0.98
828,828,60.92,-46.05,Narsaq,narsaq,17.6,72,68,1
829,829,70.03,20.97,Skjervoy,skjervoy,36.1,100,88,6.83
830,830,71.0,24.66,Havoysund,havoysund,32.0,100,75,5.1
831,831,70.86,29.09,Berlevag,berlevag,6.57,100,20,1.88
832,832,73.51,80.55,Dikson,dikson,0.05,100,12,10.53
833,833,78.22,15.64,Longyearbyen,longyearbyen,23.0,73,40,11.3
834,834,70.37,31.11,Vardo,vardo,19.4,92,90,5.7
835,835,71.04,27.85,Mehamn,mehamn,8.42,100,12,1.53
